Amorphous materials,Computational modeling,Design methodology,Electronic switching systems,Embedded computing,Embedded software,Embedded system,Microelectronics,Software systems,Yarn,
Automatic programming,Costs,Design engineering,Embedded computing,Embedded software,Embedded system,Metamodeling,Microwave integrated circuits,Timing,Yarn,
Application software,Embedded system,Field programmable gate arrays,Hardware,Programming,Proposals,Software design,Software libraries,Unified modeling language,Wireless LAN,
Embedded software,Europe,Software testing,System testing,
Costs,Design methodology,Design optimization,Embedded system,Formal specifications,Hardware,Mathematical model,Modeling,Synchronization,System-on-a-chip,
Application software,Control systems,Embedded system,Joining processes,Microcontrollers,Operating systems,Real time systems,
Actuators,Application software,Computer networks,Distributed computing,Embedded computing,Embedded system,Instruments,Manufacturing,Real time systems,Runtime,
Design methodology,Digital signal processing,Dynamic scheduling,Embedded computing,Embedded software,Embedded system,Power system modeling,Productivity,System-level design,Turning,
Algebra,Computer interfaces,Delay,Design methodology,Embedded system,Real time systems,Resource management,Software engineering,Software systems,Timing,
Application software,Design engineering,Embedded software,Embedded system,Hardware,Process design,Software engineering,Standardization,System-on-a-chip,Unified modeling language,
Circuit simulation,Computational modeling,Discrete event simulation,Dynamic scheduling,Hardware design languages,Job shop scheduling,Kernel,Processor scheduling,Productivity,Very high speed integrated circuits,
Computational modeling,Computer architecture,Context modeling,Embedded computing,Embedded software,Embedded system,Hardware,Proposals,Software systems,Unified modeling language,
Application software,Embedded software,Embedded system,Engines,Hardware,Logic,Model driven engineering,System-on-a-chip,Unified modeling language,XML,
Analytical models,Corporate acquisitions,Design optimization,Embedded system,Object oriented modeling,Permission,Proposals,Real time systems,Rivers,Unified modeling language,
Application software,Design methodology,Embedded system,Performance analysis,Productivity,Real time systems,Silicon,Skeleton,Software libraries,Unified modeling language,
Circuit simulation,Computational modeling,Design methodology,Embedded computing,Embedded software,Embedded system,Hardware design languages,Productivity,Software systems,System-level design,
Application software,Computer languages,Embedded system,Hardware,Mathematical model,Multimedia systems,Real time systems,Runtime,System testing,Timing,
Application software,Distributed information systems,Embedded software,Embedded system,Information science,Java,Productivity,Programming,Software systems,Testing,
Actuators,Application software,Computational modeling,Computer science,Distributed computing,Embedded system,Instruments,Manufacturing automation,Real time systems,Sensor systems,
Application software,Artificial satellites,Costs,Embedded software,Embedded system,Instruments,Ontologies,Ores,Software development management,Software systems,
Automatic testing,Energy management,Machine components,Microprocessors,Software systems,Software testing,Synchronous generators,System testing,System-level design,System-on-a-chip,
Application software,Cost function,Energy consumption,Hardware,Intelligent networks,Multimedia databases,Network synthesis,Optimization methods,Protocols,Telecommunications,
Communication standards,Computational modeling,Context modeling,Design methodology,Discrete event simulation,Embedded computing,Embedded system,Hardware,Kernel,Libraries,
Bridges,Computational modeling,Computer simulation,Embedded system,Hardware design languages,Kernel,Microprocessors,Operating systems,Sockets,System testing,
Computer science,Electrical capacitance tomography,Electronic switching systems,Embedded software,Embedded system,Engines,Software debugging,Software systems,Testing,Unified modeling language,
Application software,Contracts,Embedded software,Embedded system,Programming,Real time systems,Runtime environment,Software engineering,Software systems,Timing,
Aerospace electronics,Application software,Computational modeling,Embedded system,Object oriented modeling,Productivity,Software quality,Software reusability,Software systems,Unified modeling language,
Computer applications,Design automation,Design methodology,Embedded system,Hardware,Permission,Prototypes,Reverse engineering,Skeleton,Unified modeling language,
Clocks,Communication networks,Computer networks,Delay,Embedded computing,Embedded system,Network synthesis,Real time systems,System testing,Timing jitter,
Application software,Embedded software,Embedded system,Hardware,Kernel,Operating systems,Programming,Real time systems,Space exploration,Yarn,
Competitive intelligence,Embedded computing,Embedded software,Embedded system,Hardware,Intelligent actuators,Intelligent sensors,Intelligent systems,Machine intelligence,Unified modeling language,
Bridges,Control systems,Design methodology,Embedded software,Hardware,Memory architecture,Memory management,Real time systems,System-on-a-chip,Timing,
Application software,Embedded software,Embedded system,Hardware,Microelectronics,Productivity,Research and development,Software design,Software systems,USA Councils,
Bridges,Control system synthesis,Control systems,Embedded system,Energy consumption,Memory architecture,Protocols,Real time systems,Telecommunications,Timing,
Application software,Computer architecture,Drives,Embedded computing,Embedded software,Embedded system,Hardware,Productivity,Prototypes,Space exploration,
Embedded system,Hardware design languages,Integrated circuit synthesis,Integrated circuit technology,Object oriented modeling,Process design,Unified modeling language,Very high speed integrated circuits,
Access protocols,Automata,Automatic testing,Design engineering,Embedded system,Error correction,Manuals,Object oriented modeling,System testing,System-level design,
Algorithm design and analysis,Analytical models,Computer science,Embedded computing,Embedded system,Energy management,Power dissipation,Power system management,Power system modeling,Stochastic systems,
Automatic control,Automatic generation control,Bridges,Clocks,Computational modeling,Control system synthesis,Debugging,Embedded software,Embedded system,Synchronous generators,
Aerospace electronics,Code standards,Context modeling,Design engineering,Embedded computing,Embedded system,Feedback,Operating systems,Real time systems,Reluctance generators,
Communication channels,Design methodology,Embedded system,Field programmable gate arrays,Network synthesis,Protocols,Prototypes,Software prototyping,Space exploration,Systems engineering and theory,
Algorithm design and analysis,Delay,Embedded system,Energy management,Performance analysis,Power dissipation,Power system management,Power system modeling,Turning,Upper bound,
Application software,Coprocessors,Design methodology,Embedded system,Field programmable gate arrays,Hardware,Model driven engineering,Multiprocessing systems,Target tracking,Unified modeling language,
Actuators,Application software,Clocks,Discrete event simulation,Embedded software,Embedded system,Network interfaces,Real time systems,Robustness,Timing,
Application software,Computer architecture,Decoding,Design methodology,Embedded system,Field programmable gate arrays,Hardware,Multiprocessing systems,Space exploration,Testing,
Application software,Costs,Embedded software,Embedded system,Programming,Real time systems,Research and development,Software engineering,Software systems,Software tools,
Computational modeling,Computer architecture,Design methodology,Embedded computing,Embedded system,Hardware,Network-on-a-chip,Process design,Space exploration,Unified modeling language,
Algorithm design and analysis,Design methodology,Electronic design automation and methodology,Embedded system,Hardware,Laboratories,Mathematical model,Process design,Runtime,Signal processing algorithms,
Adaptive algorithm,Algorithm design and analysis,Delay,Embedded system,Energy management,Portable computers,Power dissipation,Power system management,Turning,Very large scale integration,
Application software,Checkpointing,Concurrent computing,Distributed computing,Embedded software,Embedded system,Fault tolerance,Fault tolerant systems,Hardware,Real time systems,
Embedded system,Field programmable gate arrays,Hardware,Intellectual property,Libraries,Mobile robots,Monitoring,Programming environments,Proposals,XML,
Computational modeling,Cyberspace,Distributed processing,Embedded systems,Network topology,Real time systems,Semantics,Software engineering,Unified modeling language,
Bandwidth,Diffserv networks,Embedded system,Engines,Middleware,Performance analysis,Quality of service,Real time systems,Runtime,USA Councils,
Air safety,Aircraft,Context modeling,Costs,Embedded software,Embedded system,Hardware,Software performance,Software safety,Vehicles,
Biological system modeling,Biomedical computing,Computational modeling,Discrete event simulation,Embedded system,Handheld computers,Hardware,Kernel,Productivity,System-on-a-chip,
Application software,Computer languages,Electrical equipment industry,Embedded computing,Embedded system,Java,Memory management,Programming,Real time systems,Safety,
Costs,Distributed computing,Embedded software,Embedded system,Information science,Kernel,Operating systems,Programming,Real time systems,Robots,
Adaptive systems,Application software,Embedded system,Hardware,Kernel,Multiprocessing systems,Operating systems,Real time systems,Standards development,Three-term control,
Adaptation models,Computational modeling,Computer architecture,Embedded systems,Engines,Semantics,Synchronization,
Capacitive sensors,Concrete,Embedded system,Formal verification,Permission,Stochastic processes,Uncertainty,
Application software,Computational modeling,Computer industry,Computer science,Computer simulation,Embedded software,Embedded system,Hardware design languages,Information science,Permission,
Design engineering,Embedded system,Explosions,Humans,Prototypes,Real time systems,Satellite navigation systems,Systems engineering and theory,Time to market,Unified modeling language,
Clocks,Embedded system,Emulation,Frequency,Logic devices,Master-slave,Microcontrollers,Operating systems,Performance gain,Real time systems,
Assembly systems,Clocks,Costs,Embedded system,Formal verification,Hardware,Iterative algorithms,Performance analysis,Reduced order systems,Software systems,
Algorithm design and analysis,Design methodology,Embedded system,Hardware,Partitioning algorithms,Process design,Productivity,Signal processing algorithms,Software prototyping,Virtual prototyping,
Application software,Embedded software,Embedded system,Energy consumption,Laboratories,Laser sintering,Memory architecture,Operating systems,Software systems,Token networks,
Application software,Automatic control,Automotive electronics,Automotive engineering,Communication system control,Control system synthesis,Embedded software,Embedded system,Operating systems,Software systems,
Embedded software,Embedded system,Hardware,Operating systems,Real time systems,Software design,Software systems,Space exploration,System-level design,System-on-a-chip,
Delay,Embedded system,Media Access Protocol,Power system modeling,Prototypes,Quality of service,Real time systems,Stochastic processes,Unified modeling language,Wireless LAN,
Application software,Connectors,Containers,Embedded software,Embedded system,Laboratories,Middleware,Model driven engineering,Modeling,Software systems,
Application software,Computer science,Embedded computing,Embedded system,Multimedia systems,Optimal scheduling,Permission,Real time systems,Signal synthesis,Streaming media,
Computer aided software engineering,Computer architecture,Delay,Digital systems,Embedded system,Hardware design languages,Modems,Prototypes,Software prototyping,Software tools,
Bandwidth,Embedded system,Energy dissipation,Image reconstruction,Information retrieval,Memory management,Multimedia systems,Optimization methods,Power system management,Runtime,
Automobiles,Computer science,Design engineering,Embedded computing,Embedded software,Embedded system,Information technology,Software design,Telephony,Unified modeling language,
Computer bugs,Design methodology,Digital systems,Electronic design automation and methodology,Embedded system,Power system modeling,Protocols,Software testing,System testing,Timing,
Algorithm design and analysis,Application specific integrated circuits,Automation,Design optimization,Embedded system,Energy consumption,Hardware,Libraries,Quantization,Roundoff errors,
Assembly systems,Embedded software,Embedded system,Hardware,High level languages,Microcontrollers,Programming,Software debugging,Software systems,Transportation,
Adaptive systems,Communication industry,Computational modeling,Computer architecture,Embedded software,Embedded system,Field programmable gate arrays,Hardware,Runtime,Software tools,
Condition monitoring,Delay,Embedded system,Fault tolerance,Fault tolerant systems,Predictive models,Quality of service,Scattering,Software design,Software systems,
Computer networks,Distributed computing,Embedded computing,Embedded system,Humans,Kernel,Local area networks,Real time systems,Research and development,Standards development,
Computer languages,Discrete event simulation,Embedded system,Engines,Hardware design languages,Kernel,Performance analysis,Permission,System-level design,Timing,
Automatic control,Computer architecture,Control system synthesis,Control systems,Design automation,Electrical equipment industry,Embedded system,Industrial control,Production,Robotics and automation,
Automatic control,Control system synthesis,Control systems,Design automation,Design engineering,Electrical equipment industry,Embedded software,Embedded system,Industrial control,Production,
Application software,Automotive electronics,Design optimization,Electronic equipment testing,Embedded software,Embedded system,Software design,Software standards,Standards development,Unified modeling language,
Automatic control,Battery management systems,Embedded system,Energy consumption,Energy management,Feedback,Learning automata,Power system management,Stochastic processes,Stochastic systems,
Computer architecture,Design methodology,Embedded system,Microelectronics,Performance analysis,Real time systems,Standards development,System performance,Time factors,Unified modeling language,
Application software,Embedded computing,Embedded software,Embedded system,Information science,Information technology,Java,Productivity,Programming,Usability,
Algorithm design and analysis,Design methodology,Embedded system,Hardware,Linear programming,Performance evaluation,Predictive models,Real time systems,Software systems,Timing,
Code standards,Embedded system,Hardware,Intellectual property,Laboratories,Libraries,Model driven engineering,Packaging,Unified modeling language,XML,
Algorithm design and analysis,Application software,Control design,Control systems,Embedded software,Embedded system,Hardware,Middleware,Operating systems,Unmanned aerial vehicles,
Application software,Embedded computing,Embedded software,Embedded system,Impedance,Multitasking,Process design,Proposals,Real time systems,Software standards,
Adaptive algorithm,Algorithm design and analysis,Embedded system,Energy management,Hardware,Power dissipation,Power system management,Software algorithms,Software systems,Turning,
Application software,Digital audio players,Embedded software,Embedded system,Hardware,Libraries,Message passing,Multicore processing,Process design,Routing,
Cellular phones,Computer industry,Consumer electronics,Embedded system,Kernel,Licenses,Open source software,Operating systems,Real time systems,Software tools,
Computer aided software engineering,Computer architecture,Decoding,Embedded system,Multiprocessing systems,Parallel processing,Parallel programming,Permission,Signal processing algorithms,System-level design,
Application software,Embedded system,Field programmable gate arrays,Kernel,Linux,Operating systems,Programmable logic arrays,Real time systems,Reconfigurable logic,Wireless sensor networks,
Communication system software,Computer architecture,Hardware,Object oriented modeling,Operating systems,Radio control,Real time systems,Software radio,Space technology,Unified modeling language,
Computer architecture,Connectors,Estimation,Generators,Hardware,IP networks,Unified modeling language,
Computer architecture,Concurrent computing,Graphics processing unit,Instruction sets,Kernel,Schedules,Synchronization,
Analytical models,Companies,Computational modeling,Consumer electronics,Embedded systems,Semantics,
Actuators,Delay,Programming,Real time systems,Sensors,Software,
Computer architecture,Embedded systems,Hardware,Standards,Unified modeling language,XML,
Costs,Data analysis,Documentation,Embedded system,Encapsulation,Engineering management,Real time systems,Runtime,Software engineering,Software quality,
Application software,Automata,Automotive engineering,Control systems,Embedded system,Information technology,Operating systems,Real time systems,Software systems,Technological innovation,
Automata,Automatic testing,Context modeling,Digital systems,Electronic design automation and methodology,Embedded system,Error correction,Intellectual property,Protocols,Signal mapping,
CADCAM,Computer aided manufacturing,Computer architecture,Embedded system,Marine vehicles,Master-slave,Optical propagation,Protocols,Prototypes,System-on-a-chip,
Data structures,Digital signal processing,Digital signal processors,Embedded software,Embedded system,Finite impulse response filter,Internet,Multimedia systems,Signal processing algorithms,Software algorithms,
Adaptation models,Analytical models,Computational modeling,Embedded systems,Monitoring,Optimization,Unified modeling language,
Automotive engineering,Cloud computing,Companies,Hardware,Testing,
Analytical models,Biological system modeling,Computational modeling,Embedded systems,Object oriented modeling,Real time systems,Unified modeling language,
Driver circuits,Hardware,Linux,Operating systems,Protocols,Synchronization,
Field programmable gate arrays,IP networks,Libraries,Maintenance engineering,Program processors,Registers,System-on-a-chip,
Application software,Computer science,Embedded computing,Energy consumption,Energy management,Permission,Power engineering and energy,Power engineering computing,Power system management,Runtime,
No Keyword
No Keyword
Circuit synthesis,Computer languages,Embedded computing,Logic circuits,Process design,Protocols,Signal synthesis,Sun,Timing,Unified modeling language,
Algorithm design and analysis,Computer science,Embedded computing,Energy consumption,Energy management,Operating systems,Power system management,Power system modeling,Runtime,Stochastic processes,
Field programmable gate arrays,Generators,IP networks,Libraries,Multicore processing,Program processors,System-on-a-chip,
No Keyword
Mobile communication,Software,
Computer languages,Costs,Design automation,Embedded computing,Embedded system,Energy consumption,Mechatronics,Object oriented modeling,Real time systems,Unified modeling language,
Data flow computing,Design optimization,Embedded system,Flow graphs,Formal specifications,Information technology,Partitioning algorithms,Repeaters,Space exploration,Switches,
Delay,Educational institutions,Feature extraction,Hardware design languages,Sugar,Unified modeling language,
Computational modeling,Data models,Hardware,Software,Time domain analysis,Time varying systems,Transducers,
No Keyword
Computer architecture,Delay,Embedded systems,Hardware,Mathematical model,Parallel processing,
Embedded systems,Field programmable gate arrays,Hardware,Microcontrollers,Mobile robots,Real-time systems,
Control systems,Elevators,Embedded systems,Software reliability,Unified modeling language,Vectors,
Concurrent computing,Design methodology,Discrete event simulation,Embedded software,Formal specifications,Formal verification,Process design,Software design,
Analytical models,Contracts,Embedded systems,Object oriented modeling,Protocols,Real time systems,Unified modeling language,
Application software,Computer architecture,Concrete,Design automation,Design methodology,Embedded software,Hardware,Protocols,Space exploration,System-level design,
Adaptation models,Complexity theory,Embedded systems,Real-time systems,Resource management,Unified modeling language,
Design methodology,Design optimization,Embedded system,Energy consumption,Logic,Mobile handsets,Performance analysis,Power generation,System-level design,Time to market,
Design methodology,Design optimization,Embedded system,Energy consumption,High level synthesis,Libraries,Microarchitecture,Power system modeling,State estimation,Testing,
Concrete,Distributed control,Embedded system,Fault tolerance,Logic,Processor scheduling,Real time systems,Runtime,Safety,Timing,
Computational modeling,Consumer electronics,Electronic equipment,Embedded system,Hardware design languages,Mathematical model,Paper technology,Parameter estimation,Process design,System-level design,
Automata,Computational modeling,Computer architecture,Embedded system,Microwave integrated circuits,Power system modeling,Process design,Software design,Software tools,Vehicle dynamics,
Design methodology,Diffusion tensor imaging,Embedded system,Hardware,Mathematical model,Model driven engineering,Performance analysis,Process design,System-level design,Unified modeling language,
Application software,Distributed information systems,Embedded computing,Embedded software,Embedded system,Joining processes,Productivity,Real time systems,Runtime,Software systems,
Automatic control,Control system synthesis,Control systems,Design automation,Design engineering,Electrical equipment industry,Embedded system,Industrial control,Production,Robotics and automation,
Application software,Central Processing Unit,Embedded system,Microcontrollers,Open source software,Operating systems,Real time systems,Resource management,Software safety,Timing,
Application software,Costs,Embedded software,Embedded system,Hardware,Kernel,Personal digital assistants,Random access memory,Read only memory,Read-write memory,
Analytical models,Communication system security,Embedded system,Protocols,Security,Unified modeling language,Wireless communication,
Differential equations,Embedded computing,Embedded system,Frequency,Hybrid power systems,Information science,Instruments,Object oriented modeling,Robustness,Sufficient conditions,
Algebra,Circuits,Computational modeling,Computer science,Embedded system,Grounding,Multithreading,Performance analysis,Predictive models,Timing,
Application software,Automatic control,Automatic generation control,Control system synthesis,Embedded software,Embedded system,Mathematical model,Process control,Real time systems,Software systems,
Costs,Educational institutions,Embedded system,Energy consumption,Energy management,Government,Learning,Power system management,Stochastic processes,Technology management,
Application software,Costs,Embedded system,Field programmable gate arrays,Focusing,Hardware,Intellectual property,Real time systems,Space exploration,Unified modeling language,
Clocks,Computational modeling,Concurrent computing,Design methodology,Embedded system,Field programmable gate arrays,Frequency,High level synthesis,Laboratories,Process design,
Aerospace industry,Automation,Costs,Data acquisition,Design engineering,Embedded system,Process design,Production,Research and development,Space technology,
Application software,Communication standards,Computer architecture,Decoding,Design methodology,Embedded system,Hardware,Refining,Software systems,Specification languages,
Aerospace electronics,Computer architecture,Embedded software,Embedded system,Fault tolerant systems,Large-scale systems,Open systems,Real time systems,Software architecture,Software systems,
Application software,Embedded software,Embedded system,Hardware,Operating systems,Power system management,Power system modeling,Processor scheduling,Real time systems,Sun,
Application software,Computational modeling,Concurrent computing,Digital signal processing,Embedded system,Field programmable gate arrays,Hardware,Parallel processing,Robustness,Scientific computing,
Adaptive filters,Communication system software,Embedded software,Embedded system,Hardware,Information technology,Software design,Software performance,Software systems,System-level design,
Automation,Computer architecture,Computer languages,Embedded software,Embedded system,Object oriented modeling,Programming,Real time systems,Time factors,Unified modeling language,
Application software,Cellular phones,Concurrent computing,Design methodology,Embedded system,Information science,Kernel,Motion pictures,Software quality,Software systems,
Application software,Computational modeling,Concurrent computing,Decoding,Embedded software,Embedded system,Hardware design languages,Information science,Information technology,Kernel,
Computational modeling,Control systems,Embedded software,Embedded system,Hardware,Kernel,Productivity,Software design,Software systems,System-level design,
Application software,Computational modeling,Embedded computing,Embedded system,Multicore processing,Network-on-a-chip,Process design,Real time systems,Scheduling,Unified modeling language,
Computer science,Control systems,Debugging,Decoding,Distributed power generation,Educational institutions,Embedded software,Embedded system,Engines,Streaming media,
Application software,Computer architecture,Diffusion tensor imaging,Embedded system,Hardware,Industrial control,Job shop scheduling,Standardization,Timing,Unified modeling language,
Automatic control,Chip scale packaging,Embedded system,Environmental management,Hardware,High level languages,Logic design,Multiprocessing systems,Process design,Unified modeling language,
Conferences,Design engineering,Embedded system,Fault tolerance,Fault tolerant systems,Predictive models,Quality of service,Scattering,USA Councils,Weaving,
Circuit simulation,Embedded system,Frequency,Hardware,Integrated circuit modeling,Mathematical model,RFID tags,Radiofrequency identification,Robustness,Stress,
Acceleration,Application software,Computational modeling,Discrete event simulation,Embedded system,Field programmable gate arrays,Hardware,Multiprocessing systems,Software performance,System recovery,
Analytical models,Concurrent computing,Embedded systems,Object oriented modeling,Semantics,Standards,Unified modeling language,
Unified modeling language,
No Keyword
Actuators,Clocks,Computational modeling,Ports (Computers),Real-time systems,Sensors,Timing,
Computational modeling,Embedded systems,Field programmable gate arrays,Graphical user interfaces,Heart beat,Real-time systems,Semantics,
Computer languages,Delays,Instruments,Music,Programming,Semantics,Synchronization,
Automotive engineering,Context,Control systems,Dispatching,Radiation detectors,Software,
Abstracts,Algorithm design and analysis,Clocks,Concrete,Software,Timing,Unified modeling language,
Hardware,Instruction sets,Message systems,Ports (Computers),Programming,Semantics,
IP networks,Joining processes,Ports (Computers),Protocols,Standards,Transducers,Wires,
Delays,Embedded systems,Hardware,Quality of service,Real-time systems,Switches,
Application software,Central Processing Unit,Delay,Design engineering,Embedded system,Microcontrollers,Operating systems,Processor scheduling,Real time systems,Switches,
Buildings,Computer science,Conferences,Design methodology,Embedded software,Embedded system,Hardware,Laboratories,Software systems,Unified modeling language,
Application software,Automotive engineering,Electronic design automation and methodology,Embedded system,Hardware design languages,Informatics,Lakes,Microelectronics,Optical design,Unified modeling language,
Design engineering,Embedded system,Intellectual property,Kernel,Power system modeling,Real time systems,System-on-a-chip,Systems engineering and theory,Time to market,Virtual prototyping,
Application software,Bridges,Design methodology,Design optimization,Embedded system,Hardware,Memory management,Network synthesis,Optimization methods,Telecommunication network management,
Computational modeling,Costs,Delay,Embedded system,Engines,Hardware design languages,Kernel,Operating systems,Real time systems,Yarn,
Actuators,Analog computers,Computational modeling,Digital systems,Embedded computing,Embedded software,Embedded system,Hardware,Radio frequency,Sensor systems,
Application software,Batteries,Data mining,Delay effects,Electronic mail,Embedded system,Energy consumption,Intelligent networks,Performance loss,Wireless networks,
Computer languages,Costs,Data acquisition,Design engineering,Design methodology,Embedded system,Mass production,Physics,Process design,Production systems,
Adaptation models,Analytical models,Embedded systems,Mathematical model,Printers,Printing,Unified modeling language,
Abstracts,Analytical models,Computational modeling,Kernel,Libraries,Semantics,Synchronization,
Computational modeling,Data models,Embedded systems,Real time systems,Security,Timing,Vehicles,
Adaptation models,Automata,Context,Embedded systems,Hardware design languages,Semantics,Synchronization,
Computational modeling,Inverters,MATLAB,Mathematical model,
Computational modeling,Embedded systems,Hardware,Object oriented modeling,Unified modeling language,
Integrated circuit modeling,Jitter,Numerical models,Time factors,Timing,Unified modeling language,Wireless sensor networks,
Automata,Computational modeling,Delay,Semantics,Syntactics,Valves,Wires,
Adaptation models,Computational modeling,Couplings,Integrated circuit modeling,Ports (Computers),Semantics,Software packages,
Analytical models,Clocks,Layout,Reliability,SDRAM,
Abstracts,Analytical models,Embedded systems,Hardware,Real-time systems,Resource management,Unified modeling language,
Computational modeling,Computer architecture,Embedded systems,Frequency modulation,Hardware,System-on-a-chip,
Computational modeling,Computer architecture,Embedded systems,Ports (Computers),Sensors,Unified modeling language,Wireless sensor networks,