Abstracts,Arrays,Random access memory,
Acceleration,Algorithm design and analysis,Arithmetic,Central Processing Unit,Encoding,Field programmable gate arrays,Hardware,Open source software,Prototypes,System-on-a-chip,
Acceleration,Application software,Application specific processors,Cryptography,Design methodology,Embedded system,Hardware,Object oriented modeling,Protection,Software libraries,
Acceleration,Application software,Computer science,Embedded computing,Embedded system,Frequency,Information analysis,Optimizing compilers,Pipeline processing,Program processors,
Added delay,Cost function,Embedded system,Hardware,Hazards,Pipeline processing,Radio frequency,Registers,VLIW,Writing,
Aerospace control,Delay,Electrical equipment industry,Embedded system,Industrial control,Job shop scheduling,Processor scheduling,Production systems,Real time systems,Runtime,
Aerospace electronics,Algorithm design and analysis,Central Processing Unit,Computer peripherals,Computer science,Control systems,Costs,Embedded system,Interference,Real time systems,
Aerospace electronics,Application software,Computer applications,Computer science,Embedded computing,Embedded system,Hardware,Interference,Real time systems,Software safety,
Aerospace electronics,Backplanes,Central Processing Unit,Computer peripherals,Costs,Embedded computing,Embedded system,Interference,Performance analysis,Real time systems,
Aggregates,Batteries,Embedded system,Energy consumption,Handheld computers,Hardware,Logic,Memory architecture,Memory management,Random access memory,
Algorithm design and analysis,Application software,Application specific integrated circuits,Application specific processors,Circuit synthesis,Digital signal processing,Energy consumption,Hardware,High level synthesis,Software systems,
Algorithm design and analysis,Application software,Arithmetic,Bandwidth,Cost function,Data engineering,Discrete cosine transforms,Embedded system,Logic design,Read-write memory,
Algorithm design and analysis,Application software,Automatic control,Automatic logic units,Batteries,Embedded system,Energy consumption,Energy efficiency,Hardware,Program processors,
Algorithm design and analysis,Application software,Computer science,Embedded system,Energy dissipation,Memory management,Permission,Power system management,Runtime,Scanning probe microscopy,
Algorithm design and analysis,Bandwidth,Clocks,Memory management,SDRAM,Time factors,Timing,
Algorithm design and analysis,Cache storage,Costs,Embedded system,Energy consumption,Energy efficiency,Energy storage,Runtime,Scheduling algorithm,System-on-a-chip,
Algorithm design and analysis,Computer aided instruction,Computer applications,Embedded computing,Embedded system,Flow graphs,Heuristic algorithms,Partitioning algorithms,Real time systems,Tree graphs,
Algorithm design and analysis,Computer architecture,Cost function,Design optimization,Embedded system,Energy efficiency,Memory architecture,Partitioning algorithms,Random access memory,System-on-a-chip,
Algorithm design and analysis,Data analysis,Delay effects,Embedded system,Polynomials,Processor scheduling,Real time systems,Scheduling algorithm,Switches,Timing,
Algorithm design and analysis,Design optimization,Embedded system,Energy management,Leakage current,Partitioning algorithms,Pattern matching,Power system management,Scanning probe microscopy,Sleep,
Algorithm design and analysis,Digital signal processing,Embedded system,Energy consumption,Laboratories,Memory architecture,Permission,Potential energy,Processor scheduling,Scheduling algorithm,
Algorithm design and analysis,Dynamic scheduling,Dynamic voltage scaling,Embedded system,Energy consumption,Heuristic algorithms,Real time systems,Scheduling algorithm,Signal processing algorithms,Voltage control,
Algorithms,Assembly,Computer architecture,Embedded systems,Program processors,Registers,Testing,
Analytical models,Application software,Embedded system,Libraries,Memory architecture,Microprocessors,Packaging,Performance analysis,Random access memory,System-on-a-chip,
Analytical models,Benchmark testing,Decoding,Embedded systems,Memory architecture,Space exploration,System-on-a-chip,
Analytical models,Circuit simulation,Design engineering,Embedded system,Information analysis,Medical simulation,Object oriented modeling,Performance analysis,Power system modeling,Systems engineering and theory,
Analytical models,Computational Intelligence Society,Computer architecture,Embedded system,Engines,Hardware,Predictive models,Software performance,Space exploration,Very large scale integration,
Analytical models,Computer architecture,Delay,Design methodology,Embedded system,Hardware,Performance analysis,Pipelines,Proposals,Real time systems,
Analytical models,Embedded software,Embedded system,Equations,Hardware,Memory architecture,Performance analysis,Real time systems,Software performance,Timing,
Application software,Application specific integrated circuits,Batteries,Embedded system,Emulation,Energy consumption,Power engineering and energy,Scanning probe microscopy,Software maintenance,Systems engineering and theory,
Application software,Application specific integrated circuits,Costs,Design methodology,Embedded software,Embedded system,Hardware,Network-on-a-chip,System-on-a-chip,Wires,
Application software,Application specific integrated circuits,Costs,Embedded software,Embedded system,Field programmable gate arrays,Hardware design languages,Open source software,Process design,Software performance,
Application software,Application specific processors,Architecture description languages,Automation,Data mining,Embedded system,Energy consumption,Power generation,Registers,Software tools,
Application software,Application specific processors,Australia,Clocks,Computer science,Costs,Embedded system,Hardware,Productivity,Resource management,
Application software,Application specific processors,Australia,Computer science,Design engineering,Embedded system,Libraries,National electric code,Pattern matching,Space exploration,
Application software,Application specific processors,Clocks,Computer science,Design engineering,Embedded system,Hardware,Merging,Permission,Runtime,
Application software,Application specific processors,Computer aided instruction,Constraint optimization,Costs,Embedded system,Hardware,Instruction sets,Process design,Space exploration,
Application software,Application specific processors,Computer science,Cost accounting,Design engineering,Design methodology,Electrical capacitance tomography,Embedded system,Hardware,Nominations and elections,
Application software,Application specific processors,Costs,Design methodology,Digital signal processing chips,Electronics industry,Embedded software,Embedded system,Process design,Software performance,
Application software,Arithmetic,Costs,Embedded computing,Embedded system,Field programmable gate arrays,Hardware,Logic devices,Reconfigurable logic,Time to market,
Application software,Atherosclerosis,Circuits,Embedded computing,Embedded system,Energy consumption,Multiprocessing systems,Optimizing compilers,Random access memory,Software performance,
Application software,Atherosclerosis,Design optimization,Embedded system,Memory architecture,Memory management,Optimizing compilers,Scanning probe microscopy,Signal design,Signal processing,
Application software,Bandwidth,Communication system control,Control systems,Delay,Embedded system,Marine technology,Parallel processing,System performance,Very large scale integration,
Application software,Bandwidth,Computer architecture,Costs,Embedded system,Graphics,Power system management,Random access memory,Silicon,Streaming media,
Application software,Banking,Computer science,Data engineering,Embedded system,Energy consumption,Integer linear programming,Memory architecture,Power engineering and energy,System performance,
Application software,Banking,Design optimization,Embedded software,Embedded system,Energy consumption,Memory management,Software performance,Software tools,Vehicles,
Application software,Batteries,CMOS technology,Cache memory,Computer architecture,Design optimization,Embedded system,Energy consumption,Hardware,Microprocessors,
Application software,Batteries,Computer science,Cost function,Embedded system,Energy consumption,Hardware,Logic,Microarchitecture,Registers,
Application software,Bluetooth,Computer science,Convergence,Embedded system,Energy consumption,Energy efficiency,Energy management,Mobile handsets,Power system management,
Application software,Bluetooth,Design optimization,Digital signal processing,Digital signal processors,Embedded system,Logic arrays,Mobile handsets,Runtime,Scanning probe microscopy,
Application software,Boosting,Digital signal processing,Embedded software,Embedded system,Face detection,Hardware,Machine learning algorithms,Optimization methods,Signal processing algorithms,
Application software,Buffer storage,Computer science,Embedded system,Memory management,Permission,Program processors,Random access memory,Scanning probe microscopy,Technology management,
Application software,Cache memory,Cache storage,Delay,Embedded computing,Embedded system,Memory management,Power system management,Runtime,Scanning probe microscopy,
Application software,Cache memory,Computer languages,Data compression,Embedded system,Hardware,Permission,Program processors,Real time systems,Scanning probe microscopy,
Application software,Cache storage,Embedded system,Field programmable gate arrays,Hardware,Partitioning algorithms,Reconfigurable logic,Scanning probe microscopy,Space exploration,System performance,
Application software,Circuits,Computer science,Embedded software,Embedded system,Energy efficiency,Packaging,Real time systems,Software packages,Software systems,
Application software,Clocks,Computer science,Costs,Embedded system,Energy consumption,Kernel,Linux,Operating systems,Real time systems,
Application software,Clocks,Distributed power generation,Embedded software,Embedded system,Hardware,Pipelines,Power generation,Software performance,Software tools,
Application software,CMOS process,Computer architecture,Delay,Embedded system,Energy consumption,Power dissipation,Protocols,Random access memory,System-on-a-chip,
Application software,Code standards,Codecs,Computer architecture,Embedded system,Energy consumption,Memory architecture,Mobile communication,Scanning probe microscopy,Space exploration,
Application software,Communication networks,Concurrent computing,Design optimization,Embedded system,Energy consumption,Multimedia systems,Network-on-a-chip,Performance evaluation,Real time systems,
Application software,Computer aided instruction,Costs,Design engineering,Embedded computing,Embedded system,Field programmable gate arrays,Hardware,Open source software,Process design,
Application software,Computer aided instruction,Delay,Embedded computing,Embedded system,Hardware,Image processing,Prefetching,Technological innovation,Very large scale integration,
Application software,Computer applications,Computer science,Digital signal processing,Embedded system,Flow graphs,Process design,Programming,Registers,Simulated annealing,
Application software,Computer applications,Concurrent computing,Embedded system,Encoding,Medical services,Modems,Multimedia systems,Parallel processing,Pattern analysis,
Application software,Computer architecture,Computer science,Embedded computing,Embedded system,Energy consumption,Filters,Memory architecture,Microprocessors,Power engineering and energy,
Application software,Computer architecture,Costs,Embedded system,Energy consumption,Energy dissipation,Energy efficiency,Multimedia systems,Software testing,Space exploration,
Application software,Computer architecture,Design optimization,Embedded computing,Embedded system,Hardware,Multimedia systems,Performance analysis,Software performance,Statistical analysis,
Application software,Computer architecture,Embedded system,Hardware,Laboratories,Libraries,Pattern matching,Permission,Process design,Tree graphs,
Application software,Computer science,Costs,Councils,Embedded system,Hardware,Linear programming,NP-hard problem,Polynomials,Real time systems,
Application software,Computer science,Data buses,Embedded system,Kernel,Large scale integration,Microprocessors,Random access memory,Reduced instruction set computing,System-on-a-chip,
Application software,Computer science,Data structures,Embedded software,Embedded system,Memory management,Mobile computing,Packaging,Software design,Space technology,
Application software,Computer science,Embedded computing,Embedded system,Energy consumption,Energy management,Optimizing compilers,Program processors,Scanning probe microscopy,System-on-a-chip,
Application software,Concurrent computing,Distributed computing,Embedded system,Kernel,Multimedia systems,Parallel processing,Pipeline processing,Scheduling,Streaming media,
Application software,Concurrent computing,Embedded system,Hardware,Linux,Memory management,Power system management,Programming profession,Prototypes,Software prototyping,
Application software,Containers,Costs,Data structures,Embedded software,Embedded system,Hardware,Multimedia systems,Resource management,Software libraries,
Application software,Context,Embedded system,Information science,Interference,Multiprocessing systems,Performance analysis,Processor scheduling,Real time systems,Timing,
Application software,Cost function,Embedded computing,Embedded system,Energy consumption,Memory architecture,Power system management,SDRAM,Scanning probe microscopy,System-on-a-chip,
Application software,Costs,Embedded computing,Embedded software,Embedded system,Energy consumption,Hardware,Pulp manufacturing,Software performance,Software systems,
Application software,Data analysis,Data mining,Design optimization,Embedded software,Embedded system,Optimization methods,Runtime,Software tools,Yarn,
Application software,Data structures,Embedded system,Energy consumption,Information retrieval,Libraries,Memory,Multimedia systems,Runtime,Very large scale integration,
Application software,Degradation,Embedded software,Embedded system,Hardware,Memory management,Prefetching,Real time systems,Space technology,Switches,
Application software,Delay,Educational institutions,Embedded system,Energy consumption,Hardware,Memory management,Power system management,Runtime,Scanning probe microscopy,
Application software,Delay,Embedded computing,Embedded software,Embedded system,Energy efficiency,Libraries,Runtime,Scanning probe microscopy,Very large scale integration,
Application software,Delay,Embedded software,Embedded system,Hardware,Multiprocessing systems,Quality management,Resource management,Streaming media,Switches,
Application software,Delta modulation,Embedded system,Energy consumption,Energy management,Hardware,Memory architecture,Memory management,Power system management,Wireless networks,
Application software,Design optimization,Embedded software,Embedded system,Energy consumption,Hardware,Manufacturing,Silicon,Software performance,System-on-a-chip,
Application software,Design optimization,Embedded system,Intelligent structures,Memory architecture,Neural networks,Pattern analysis,Random access memory,Testing,Tiles,
Application software,Embedded computing,Embedded system,Energy consumption,Multimedia systems,Parallel processing,Power system reliability,Processor scheduling,Scanning probe microscopy,Scheduling algorithm,
Application software,Embedded computing,Embedded system,Image analysis,Image processing,Multidimensional signal processing,Parallel processing,Pipelines,Processor scheduling,Space exploration,
Application software,Embedded software,Embedded system,Hardware,Memory management,Permission,Random access memory,Software performance,System-on-a-chip,Time factors,
Application software,Embedded system,Energy consumption,Energy management,Hardware,Information analysis,Libraries,Memory management,Runtime,Scanning probe microscopy,
Application software,Embedded system,Energy management,Hardware,Memory management,Multicore processing,Power system management,Scanning probe microscopy,Software performance,Temperature,
Application software,Embedded system,Field programmable gate arrays,Hardware,Logic design,Logic devices,Logic programming,Microarchitecture,Programmable logic arrays,Space exploration,
Application software,Embedded system,Hardware,Microcontrollers,Multicore processing,Parallel processing,Random access memory,Real time systems,Robustness,Timing,
Application software,Embedded system,Information analysis,Information science,Multiprocessing systems,Pipelines,Processor scheduling,Real time systems,Timing,Very large scale integration,
Application specific integrated circuits,Australia,Cache memory,Computer science,Embedded system,Hardware,Heuristic algorithms,Memory management,Scanning probe microscopy,Space heating,
Application specific integrated circuits,Computer architecture,Contracts,Embedded system,Monitoring,Processor scheduling,Read-write memory,Steady-state,System buses,Throughput,
Application specific integrated circuits,Costs,Digital integrated circuits,Digital signal processing,Embedded system,Microcontrollers,Microprocessors,Processor scheduling,Read only memory,Tree graphs,
Application specific integrated circuits,Costs,Embedded system,Energy consumption,Genetic algorithms,Heuristic algorithms,Memory architecture,System-on-a-chip,Time to market,Videos,
Application specific processors,Australia,Communications technology,Computer architecture,Computer science,Embedded system,Energy consumption,Hardware,Humans,Software systems,
Application specific processors,Computer architecture,Costs,Embedded system,Forward error correction,Performance analysis,Real time systems,Registers,Software radio,Software standards,
Application specific processors,Computer architecture,Design optimization,Embedded system,Hardware,Iterative methods,Optimizing compilers,Process design,Program processors,Software tools,
Application specific processors,Cost function,Digital signal processing,Embedded software,Embedded system,Hardware,Process design,Sun,System-on-a-chip,Timing,
Application specific processors,Costs,Delay,Digital systems,Embedded system,Energy consumption,Energy efficiency,Program processors,System performance,System-on-a-chip,
Application specific processors,Costs,Embedded system,Hardware,Informatics,Pipeline processing,Process design,Reduced instruction set computing,Space exploration,System-on-a-chip,
Approximation algorithms,Embedded system,Heuristic algorithms,Joints,Measurement,Minimization,Partitioning algorithms,
Architecture description languages,Clocks,Computer architecture,Embedded system,Frequency,Power generation,Power system modeling,Software performance,Software tools,System performance,
Area measurement,Concurrent computing,Embedded system,Encoding,Field programmable gate arrays,Hardware,Parallel processing,Scalability,Software performance,Vector processors,
Arrays,Bandwidth,Capacitors,Instruction sets,Memory management,Random access memory,Timing,
Arrays,Dynamic programming,Heuristic algorithms,Memory architecture,Memory management,Random access memory,Resource management,
Arrays,Embedded systems,Energy consumption,Pipelines,Power demand,Time frequency analysis,
Arrays,Embedded systems,Games,Memory management,Runtime,Vectors,
Arrays,Energy consumption,Indexes,Lattices,Memory management,Random access memory,System-on-chip,
Art,Benchmark testing,Educational institutions,Embedded computing,Embedded system,Flash memory,Hardware,Microprocessors,Multicore processing,Stress,
Ash,Computer architecture,Computers,Random access memory,Real-time systems,Sensors,Vehicles,
Ash,Law,Nonvolatile memory,Optimal scheduling,Schedules,Scheduling,
Asia,Costs,Embedded system,Impedance,Performance gain,Signal processing algorithms,Speech processing,Testing,Video signal processing,Writing,
Assembly systems,Computer architecture,Dynamic compiler,Embedded software,Embedded system,Laboratories,Optimizing compilers,Process design,Runtime,Software design,
Assembly,Compaction,Digital signal processing,Digital signal processors,Embedded system,Energy consumption,Genetic algorithms,Optimizing compilers,Registers,Tree graphs,
Assembly,Computer science,Costs,Design optimization,Embedded system,Energy dissipation,Energy efficiency,Optimizing compilers,Real time systems,Timing,
Associate members,Embedded system,Laboratories,Memory management,Process design,Random access memory,Scanning probe microscopy,Signal processing,Space exploration,System-on-a-chip,
Atherosclerosis,Delay,Embedded system,Energy consumption,Image processing,Microprocessors,Optimizing compilers,Random access memory,Scanning probe microscopy,System-on-a-chip,
Australia,Cache memory,Computer science,Design optimization,Embedded system,Energy consumption,Optimization methods,Random access memory,Read-write memory,Scanning probe microscopy,
Australia,Cache memory,Computer science,Embedded system,Energy consumption,Filters,Memory management,Microprocessors,Multiplexing,Pollution,
Automatic control,Buffer storage,Control systems,Data mining,Microprocessors,National electric code,Pollution,Registers,
Automatic programming,Concurrent computing,Consumer electronics,Embedded computing,Embedded software,Embedded system,Physics computing,Robots,Robustness,Scalability,
Automobiles,Cache memory,Embedded system,Information analysis,Microprocessors,Pollution,Prefetching,Real time systems,Time measurement,Timing,
Automotive engineering,Multicore processing,Real-time systems,Round robin,Throughput,Timing,
Availability,Computational modeling,Computer architecture,Context modeling,Delay,Embedded system,Hardware,Processor scheduling,Software tools,VLIW,
Bandwidth,Bismuth,Memory management,Real time systems,SDRAM,Schedules,Switches,
Bandwidth,Central Processing Unit,Delay,Embedded system,Hip,Memory management,Runtime,Throughput,Very large scale integration,Video signal processing,
Bandwidth,Embedded system,High-speed networks,Information retrieval,Intelligent networks,Memory architecture,Memory management,Optimization methods,Permission,Technology management,
Batteries,Cache memory,Circuits,Computer Society,Embedded system,Energy consumption,Energy management,Hardware,Optimizing compilers,System-on-a-chip,
Batteries,Cache memory,Costs,Design optimization,Embedded system,Energy consumption,Pattern classification,Runtime,Signal design,Signal processing,
Batteries,Cache memory,Embedded computing,Embedded system,Energy consumption,Leakage current,Microprocessors,Personal digital assistants,Pervasive computing,Voltage,
Batteries,Cache memory,Embedded system,Energy consumption,Energy management,Energy storage,Memory management,Power system management,Scanning probe microscopy,System-on-a-chip,
Batteries,Computer aided instruction,Computer science,Costs,Design automation,Embedded system,Energy consumption,Energy efficiency,Microprocessors,Performance analysis,
Batteries,Computer applications,Contracts,Costs,Embedded system,Energy consumption,Hardware,Personal communication networks,Real time systems,Scanning probe microscopy,
Batteries,Computer architecture,Embedded system,Energy consumption,Energy dissipation,Power dissipation,Programming,Proposals,Registers,System performance,
Batteries,Computer science,Embedded system,Energy consumption,Energy efficiency,Frequency,Mobile computing,Partitioning algorithms,Transistors,Upper bound,
Batteries,Control systems,Dynamic voltage scaling,Embedded system,Energy consumption,Energy management,Frequency,Power system modeling,Processor scheduling,Runtime,
Batteries,Design optimization,Embedded system,Emulation,Energy consumption,Energy storage,Power engineering and energy,Scanning probe microscopy,Space technology,System-on-a-chip,
Batteries,Embedded systems,Energy consumption,Instruction sets,Multicore processing,Quality of service,Real-time systems,
Battery management systems,Collaboration,Dynamic voltage scaling,Embedded system,Energy consumption,Energy management,Operating systems,Power system management,Real time systems,Voltage control,
Benchmark testing,Buffer storage,Energy consumption,Memory management,Optimization,USA Councils,
Benchmark testing,Embedded system,Energy consumption,Large scale integration,Performance evaluation,Performance gain,Runtime,Telecommunication traffic,Very large scale integration,Wireless networks,
Bidirectional control,Delay,Embedded system,Master-slave,Network-on-a-chip,Packet switching,Performance analysis,Protocols,Space technology,System-on-a-chip,
Bridges,Control systems,Costs,Degradation,Delay,Embedded system,Processor scheduling,Real time systems,Time to market,Timing,
Bridges,Delay,Hardware,Processor scheduling,Real time systems,Scheduling,Servers,
Bridges,Embedded system,Hardware,Integer linear programming,Processor scheduling,Program processors,Programming profession,Random access memory,Real time systems,Timing,
Buffer storage,Cache memory,Costs,Decoding,Embedded software,Embedded system,Energy efficiency,Hardware,Logic,Memory architecture,
Buffer storage,Decoding,Displays,Embedded system,Hardware,Image quality,MPEG 4 Standard,Memory management,Optimizing compilers,Proposals,
Cache memory,Cache storage,Computer science,Costs,Data engineering,Embedded system,Graphics,NP-hard problem,Scattering,Ubiquitous computing,
Cache memory,Clocks,Embedded system,Information technology,Memory architecture,Microprocessors,Performance analysis,Random access memory,SDRAM,Testing,
Cache memory,Computational modeling,Computer science,Digital signal processing chips,Embedded system,Energy consumption,Permission,Random access memory,Speech processing,System-on-a-chip,
Cache memory,Computer aided instruction,Costs,Embedded computing,Embedded system,Energy consumption,Filters,High performance computing,Power engineering and energy,Power engineering computing,
Cache memory,Data analysis,Embedded software,Embedded system,Hardware,Operating systems,Performance analysis,Real time systems,Timing,Yield estimation,
Cache memory,Degradation,Embedded system,Energy consumption,Energy dissipation,Energy efficiency,Energy resolution,Large scale integration,Microprocessors,Scanning probe microscopy,
Cache memory,Delay,Embedded software,Embedded system,Energy consumption,Energy efficiency,Heuristic algorithms,Information science,Optimization,Scanning probe microscopy,
Cache memory,Interference,Layout,Pollution,Real time systems,Resource management,Timing,
Carbon capture and storage,Cost function,Data analysis,Embedded system,Memory,Multimedia communication,Neutron spin echo,Phase change materials,Power dissipation,Scanning probe microscopy,
Cellular phones,Digital cameras,Digital communication,Digital signal processing,Digital signal processors,Embedded system,Instruction sets,Memory management,Printers,Signal processing algorithms,
Cellular phones,Embedded system,Job shop scheduling,Nonvolatile memory,Portable media players,Random access memory,Read-write memory,Real time systems,Shadow mapping,Time to market,
Central Processing Unit,Costs,Dynamic scheduling,Embedded system,Lifting equipment,Out of order,Performance analysis,Real time systems,Safety,Software performance,Timing,
Central Processing Unit,Data analysis,Dynamic voltage scaling,Embedded system,Energy consumption,Energy management,Hardware,Information analysis,Power system management,Runtime,
Chaos,Computer science,Costs,Embedded computing,Embedded system,Energy consumption,Power system modeling,Process control,Random access memory,Read-write memory,
Charge coupled devices,Charge-coupled image sensors,Circuits,Clocks,Control systems,Digital cameras,Embedded system,High-resolution imaging,Optical imaging,Telescopes,
Circuit simulation,Computer architecture,Computer science,Embedded computing,Embedded system,Energy consumption,Laboratories,National electric code,Space exploration,System-on-a-chip,
Circuit simulation,Computer architecture,Costs,Discrete event simulation,Embedded system,Emulation,Hardware,Process design,Silicon,Software tools,
Circuit testing,Computer science,Delay,Embedded computing,Embedded system,Hardware,Power system management,Programming profession,Random access memory,Scanning probe microscopy,
Clocks,Computer aided instruction,Delay,Embedded computing,Embedded system,Greedy algorithms,Hardware,Performance analysis,System-on-a-chip,Telecommunication traffic,
Clocks,Equations,Mathematical model,Memory management,Power demand,SDRAM,Timing,
Cloning,Computer science,Embedded system,Hardware,High level languages,Optimizing compilers,Program processors,Programming,Real time systems,Timing,
Clustering algorithms,Embedded system,Flash memory,Random access memory,Runtime,
Code standards,Computer science,Embedded software,Embedded system,Hardware,Laboratories,Program processors,Random access memory,Software performance,System-on-a-chip,
Code standards,Counting circuits,Data mining,Embedded system,Graphical user interfaces,Large scale integration,Libraries,MPEG 4 Standard,Multimedia systems,Runtime,
Codecs,Encoding,HDTV,Large scale integration,Large-scale systems,Motion pictures,Satellite broadcasting,TV broadcasting,Video compression,Video on demand,
Collaboration,Computer science,Educational institutions,Embedded system,Kernel,Microprocessors,Operating systems,Random access memory,Scanning probe microscopy,System performance,
Collaboration,Embedded system,Energy consumption,Microprocessors,Operating systems,Performance gain,Programming profession,Random access memory,Scanning probe microscopy,System performance,
Communication system security,Embedded computing,Embedded system,Event detection,Information security,Isolation technology,Operating systems,Scanning probe microscopy,Switches,System-on-a-chip,
Computer aided instruction,Computer architecture,Concurrent computing,Delay,Embedded computing,Embedded system,Parallel processing,Runtime,Scanning probe microscopy,System-on-a-chip,
Computer aided software engineering,Design methodology,Dynamic scheduling,Embedded system,Libraries,Object oriented modeling,Real time systems,Software design,Software maintenance,Yarn,
Computer architecture,Computer science,Costs,Digital cameras,Embedded computing,Embedded system,Microcomputers,Microprocessor chips,Portable computers,Power engineering computing,
Computer architecture,Computer science,Data analysis,Delay effects,Embedded system,Equations,Interference,Real time systems,Timing,Upper bound,
Computer architecture,Computer science,Delay,Embedded system,Equations,Pattern analysis,Processor scheduling,Random access memory,Real time systems,Timing,
Computer architecture,Computer science,Digital signal processing,Digital signal processors,Embedded system,Instruments,Processor scheduling,Radio frequency,Registers,VLIW,
Computer architecture,Computer science,Embedded system,Optimizing compilers,Parallel processing,Production,Program processors,Real time systems,Scheduling algorithm,Timing,
Computer architecture,Computers,Linux,Servers,Software packages,System-on-chip,Transducers,
Computer architecture,Costs,Digital signal processing,Embedded system,Energy efficiency,Kernel,Parallel processing,Radio frequency,Registers,Software radio,
Computer architecture,Degradation,Embedded system,Energy consumption,Integer linear programming,Microarchitecture,Optimizing compilers,Program processors,Registers,
Computer architecture,Design optimization,Embedded computing,Embedded system,Energy consumption,Hardware,Power system modeling,Process design,Reconfigurable architectures,Runtime environment,
Computer architecture,Embedded computing,Embedded system,Energy consumption,High performance computing,Parallel processing,Process design,Registers,VLIW,Vector processors,
Computer architecture,Embedded system,Hardware,Information analysis,Out of order,Pipelines,Processor scheduling,Real time systems,System analysis and design,Timing,
Computer buffers,Costs,Embedded system,Frequency,Hardware,Memory management,Performance analysis,Radio spectrum management,System-on-a-chip,Writing,
Computer languages,Embedded system,Optimizing compilers,Program processors,Programming profession,Registers,Runtime,Software engineering,
Computer networks,Embedded computing,Embedded system,Energy consumption,Java,Memory management,Programming,Robustness,Software performance,Virtual machining,
Computer peripherals,Delay effects,Delay estimation,Embedded system,Interference,Multicore processing,Processor scheduling,Real time systems,Timing,Upper bound,
Computer science,Computerized monitoring,Data structures,Distributed computing,Embedded system,Kernel,Operating systems,Protection,Real time systems,Virtual machine monitors,
Computer science,Constraint optimization,Costs,Embedded computing,Embedded system,Energy consumption,Memory management,Programming profession,Scalability,Testing,
Computer science,Costs,Design optimization,Embedded system,Energy efficiency,Optimizing compilers,Product design,Real time systems,Safety,Scanning probe microscopy,
Computer science,Costs,Educational institutions,Embedded system,Energy consumption,Memory management,Power system management,Random access memory,Real time systems,Runtime,
Computer science,Costs,Embedded system,Energy consumption,Energy efficiency,Heuristic algorithms,Mobile computing,Modems,National electric code,Power engineering and energy,
Computer science,Design engineering,Design optimization,Embedded software,Embedded system,Hardware,Motion estimation,Optimizing compilers,Software design,Software performance,
Computer science,Digital signal processing,Embedded system,Large scale integration,Logic,Microprocessors,Optimizing compilers,Organizing,Read only memory,Read-write memory,
Computer science,Dynamic scheduling,Dynamic voltage scaling,Embedded system,Job shop scheduling,Real time systems,Timing,Upper bound,Vehicle dynamics,Voltage control,
Computer science,Embedded software,Embedded system,Energy consumption,Flow graphs,Information science,Power engineering and energy,Software design,System performance,Weight control,
Computer science,Embedded system,Hardware,Merging,Microprocessors,Out of order,Pipelines,Processor scheduling,Real time systems,Timing,
Computer science,Embedded system,Hardware,Microarchitecture,Processor scheduling,Real time systems,System testing,Technological innovation,Timing,Voltage control,
Computer science,Embedded system,Performance analysis,Polynomials,Protocols,Random access memory,Read-write memory,Real time systems,Silicon carbide,Upper bound,
Conference management,Content management,Data engineering,Embedded computing,Embedded system,Memory management,Pipeline processing,Scanning probe microscopy,Size control,VLIW,
Context,Embedded systems,Hardware,Joining processes,Radiation detectors,Random access memory,
Context,Linux,Multicore processing,Real-time systems,Scheduling,Virtual machine monitors,Virtualization,
Control system analysis,Embedded system,Hardware,Interference,Multicore processing,Performance analysis,Random access memory,Real time systems,SDRAM,Timing,
Control systems,Costs,Dynamic scheduling,Embedded system,Job shop scheduling,Operating systems,Processor scheduling,Real time systems,Runtime,Scheduling algorithm,
Cost function,Embedded system,Energy consumption,Energy management,Environmental management,Kernel,Resource management,Runtime environment,Scanning probe microscopy,Videoconference,
Cost function,Embedded system,Energy management,Leakage current,Memory management,Partitioning algorithms,Power system management,Scanning probe microscopy,Sleep,Space exploration,
Cost function,Embedded system,Hardware,Pipelines,Process control,Radio frequency,Registers,Scheduling algorithm,VLIW,Writing,
Costs,Decoding,Design methodology,Embedded system,MPEG 4 Standard,Memory management,Multimedia systems,Power system management,Processor scheduling,Technological innovation,
Costs,Degradation,Embedded system,Energy consumption,Lakes,Permission,System performance,
Costs,Delay,Embedded software,Embedded system,Performance analysis,Performance gain,Predictive models,Real time systems,Time factors,Timing,
Costs,Design methodology,Embedded system,Image storage,Intelligent systems,Multidimensional signal processing,Multidimensional systems,Partitioning algorithms,Signal processing,System performance,
Costs,Design optimization,Dynamic compiler,Embedded system,Memory management,Permission,Process design,Random access memory,Scanning probe microscopy,System-on-a-chip,
Costs,DRAM chips,Embedded system,Energy consumption,Large scale integration,Memory management,Random access memory,SRAM chips,Scanning probe microscopy,Writing,
Costs,Embedded software,Embedded system,Energy consumption,Hardware,Memory management,Random access memory,Scanning probe microscopy,
Costs,Embedded system,Energy management,Hardware,Logic,Memory management,Operating systems,Program processors,Random access memory,Robustness,
Costs,Embedded system,Field programmable gate arrays,Hardware,Microprocessors,Performance gain,Performance loss,Reconfigurable logic,Table lookup,Time to market,
Costs,Embedded system,Hardware,Integer linear programming,Memory management,Performance loss,Real time systems,Scalability,Software systems,Timing,
Councils,Data analysis,Digital signal processing,Embedded system,Energy consumption,Helium,Optimizing compilers,Processor scheduling,Signal processing,VLIW,
Data engineering,Embedded computing,Embedded system,Greedy algorithms,Optimization methods,Phased arrays,Real time systems,Scanning probe microscopy,System-on-a-chip,Telecommunication computing,
Data structures,Delay effects,Delay estimation,Dynamic scheduling,Embedded system,Interference,Maintenance,Processor scheduling,Real time systems,State estimation,
Delay,Digital signal processing,Embedded system,Hardware,Image processing,Random access memory,Signal processing,Signal processing algorithms,State estimation,Video signal processing,
Delay,Dynamic compiler,Embedded system,Energy consumption,Heuristic algorithms,Memory,Program processors,Proposals,Real time systems,Runtime,
Delay,Embedded computing,Embedded system,Integer linear programming,Radio spectrum management,Random access memory,Real time systems,System-on-a-chip,Timing,Upper bound,
Delay,Embedded system,Energy consumption,Hardware,Partitioning algorithms,Power system modeling,Power system reliability,Scanning probe microscopy,System-on-a-chip,Temperature,
Delay,Embedded system,Hardware,Processor scheduling,Programming profession,Real time systems,Runtime,Scanning probe microscopy,System performance,Timing,
Delay,Embedded system,Job shop scheduling,Kernel,Operating systems,Processor scheduling,Random access memory,Read-write memory,Real time systems,Scheduling algorithm,
Delta modulation,Design methodology,Design optimization,Embedded system,Intelligent networks,Memory management,Multimedia systems,Streaming media,Very large scale integration,Wireless networks,
Design methodology,Embedded system,Energy conservation,Energy efficiency,Memory architecture,Prefetching,Random access memory,SDRAM,Space exploration,Streaming media,
Design optimization,Embedded system,Feedback,Information analysis,Optical wavelength conversion,Optimizing compilers,Performance analysis,Program processors,Time factors,Timing,
Design optimization,Embedded system,Optimizing compilers,Permission,Program processors,Real time systems,Registers,Runtime,Safety,Timing,
Digital systems,Embedded computing,Embedded system,Energy consumption,Frequency,Law,Legal factors,Multimedia communication,Multimedia systems,Optimization methods,
Dynamic programming,Dynamic scheduling,Greedy algorithms,Heuristic algorithms,Memory management,Resource management,Signal processing algorithms,
Dynamic programming,Dynamic scheduling,Heuristic algorithms,Integrated circuits,Multicore processing,Resource management,
Elliptic curve cryptography,IP networks,Process control,SDRAM,Web server,
Embedded computing,Embedded software,Embedded system,Integer linear programming,Permission,Pipelines,Predictive models,Prefetching,Scheduling,Timing,
Embedded computing,Embedded system,Employment,Error correction,Hardware,Memory management,Power system management,Protection,Scanning probe microscopy,Voltage,
Embedded computing,Embedded system,Frequency,Image segmentation,Optimizing compilers,Partitioning algorithms,Real time systems,Registers,Signal processing algorithms,System-on-a-chip,
Embedded computing,Embedded system,Global Positioning System,Hardware,Kernel,Operating systems,Portable computers,Processor scheduling,Real time systems,Scheduling algorithm,
Embedded system,Energy consumption,Energy efficiency,Hardware,Linear programming,Partitioning algorithms,Processor scheduling,Real time systems,Round robin,Scanning probe microscopy,
Embedded system,Energy consumption,Libraries,Measurement,Memory architecture,Microprocessors,Performance analysis,Process design,System-on-a-chip,Time factors,
Embedded system,Energy consumption,Memory management,Program processors,Random access memory,System-on-a-chip,
Embedded system,Energy management,Hardware,Memory management,Pattern analysis,Power system management,Predictive models,Prefetching,Runtime,Scanning probe microscopy,
Embedded system,Frequency,Microarchitecture,Pipelines,Processor scheduling,Real time systems,Safety,Switches,Throughput,Timing,
Embedded system,ISO,Memory management,Optimization,Random access memory,Runtime,SRAM chips,Scanning probe microscopy,System-on-a-chip,VLIW,
Embedded system,Large scale integration,Logic,Memory architecture,Microprocessors,Packaging,Performance analysis,Random access memory,Software libraries,System-on-a-chip,
Embedded systems,Hardware,Kernel,Linux,Multicore processing,Real time systems,Virtual machine monitors,
Embedded systems,Hardware,Kernel,Multicore processing,Reliability,Virtual machine monitors,
Embedded systems,Interference,Real-time systems,Registers,Resource management,Schedules,VLIW,
Heuristic algorithms,Memory management,Nonvolatile memory,Random access memory,Resource management,System-on-a-chip,
Interference,Memory management,Multitasking,Random access memory,Real-time systems,Registers,
Memory architecture,Memory management,Power demand,Resource management,System-on-chip,Thermal resistance,Timing,
Memory management,Prefetching,Resource management,Schedules,Steady-state,
No Keyword
No Keyword
No Keyword
No Keyword
No Keyword
No Keyword